Level One - Lesson 8 Assignment: Development Progress Check-in (1475),PAP-2022-Summer-L1-G1,Practice,10
Level One - Lesson 10 Assignment: User Research (1458),PAP-2022-Summer-L1-G1,Practice,0
Level One - Lesson 12 Assignment: Final Presentation (1461),PAP-2022-Summer-L1-G1,Practice,20
Level One - Lesson 13 Assignment: Your HTML (1462),PAP-2022-Summer-L1-G1,Practice,10
Level Two - Lesson 3 Assignment: Terminus Quiz (1480),PAP-2022-Summer-L1-G1,Quiz,0
Level One - Lesson 15 Quiz  (1451),PAP-2022-Summer-L1-G1,Quiz,10
Level Two - Lesson 7 Quiz: Formatting Text (1446),PAP-2022-Summer-L1-G1,Quiz,10
Level One - Lesson 14: Assignment (1463),PAP-2022-Summer-L1-G1,Practice,0
Level Two-Lesson 5 Quiz: Intro To HTML (1452),PAP-2022-Summer-L1-G1,Quiz,10
Level Two - Lesson 6 Quiz: Intro to CSS (1450),PAP-2022-Summer-L1-G1,Quiz,10
Level Two - Lesson 8 Quiz: The Box Model (1447),PAP-2022-Summer-L1-G1,Quiz,10
Level Two - Lesson 9 Quiz: Layout (1445),PAP-2022-Summer-L1-G1,Quiz,10
Level Two-Lesson 12: Final Exam (1453),PAP-2022-Summer-L1-G1,Exam,40
Level Two - Lesson 12: Cumulative Resource Response (1478),PAP-2022-Summer-L1-G1,Practice,0
Level One - Lesson 3: Quiz  (1516),PAP-2022-Summer-L1-G1,Quiz,5
Level One - Lesson 4 Assignment: Game Design Statement (1468),PAP-2022-Summer-L1-G1,Practice,10
Level One - Lesson 5 Assignment: Catch Game (1469),PAP-2022-Summer-L1-G1,Practice,10
Level One - Lesson 6 Assignment:Jumping Game (1471),PAP-2022-Summer-L1-G1,Practice,10
Level One - Lesson 7 Assignment: Virtual Pet (1473),PAP-2022-Summer-L1-G1,Practice,10
Level One - Lesson 9 Assignment: Development Progress Check-in  (1476),PAP-2022-Summer-L1-G1,Practice,10
Level One - Lesson 11 Assignment: Submit Final Version of Game with Purpose (1459),PAP-2022-Summer-L1-G1,Practice,30
Level Two - Lesson 1 Assignment: Value Propositions (1477),PAP-2022-Summer-L1-G1,Practice,10
Level Two - Lesson 4 Assignment: Classwork Repository (1481),PAP-2022-Summer-L1-G1,Practice,10
Level Two - Lesson 5 Assignment: My First Page (1482),PAP-2022-Summer-L1-G1,Practice,10
Level Two - Lesson 8 Assignment: Boxes (1488),PAP-2022-Summer-L1-G1,Practice,10
Level One - Lesson 15: Assignment (1464),PAP-2022-Summer-L1-G1,Practice,0
Level One - Lesson 11: Last Development Progress Check-In (1460),PAP-2022-Summer-L1-G1,Practice,10
Module 8 Discussion (1498),PAP-2022-Summer-L1-G1,Practice,0
Level One - Lesson 1 Assignment (1456),PAP-2022-Summer-L1-G1,Practice,0
Level One - Lesson 2 Assignment: Core Principles (1465),PAP-2022-Summer-L1-G1,Practice,0
Module 2 Assignment (1492),PAP-2022-Summer-L1-G1,Practice,0
Module 3 Assignment (1493),PAP-2022-Summer-L1-G1,Practice,0
Module 1 Discussion (1454),PAP-2022-Summer-L1-G1,Practice,0
Module 4 Assignment (1494),PAP-2022-Summer-L1-G1,Practice,0
Module 5 Assignment (1495),PAP-2022-Summer-L1-G1,Practice,0
Module 6 Assignment (1496),PAP-2022-Summer-L1-G1,Practice,0
Module 8 Assignment (1497),PAP-2022-Summer-L1-G1,Practice,0
Module 9 Assignment (1499),PAP-2022-Summer-L1-G1,Practice,0
Module 10 Assignment (1489),PAP-2022-Summer-L1-G1,Practice,0
Level Two - Lesson 2 Assignment: Value Propositions (1479),PAP-2022-Summer-L1-G1,Practice,10
Level One - Lesson 3 Assignment: Moveable Objects (1466),PAP-2022-Summer-L1-G1,Practice,10
Draft Paper (1455),PAP-2022-Summer-L1-G1,Practice,50
Level Two - Lesson 6 Assignment: "My Style" First Page (1486),PAP-2022-Summer-L1-G1,Practice,10
Level Two - Lesson 7 Assignment: Formatting a Poem (1487),PAP-2022-Summer-L1-G1,Practice,10
Module 11 Assignment (1490),PAP-2022-Summer-L1-G1,Practice,0
Level Two - Lesson 1 Assignment: Value Propositions (1507),PAP-2022-Summer-L2-G2,Practice,10
Level Two - Lesson 2 Assignment: Value Propositions (1509),PAP-2022-Summer-L2-G2,Practice,10
Level Two - Lesson 3 Assignment: Terminus Quiz (1510),PAP-2022-Summer-L2-G2,Quiz,10
Level Two - Lesson 4 Assignment: Classwork Repository (1511),PAP-2022-Summer-L2-G2,Practice,10
Level Two - Lesson 5 Assignment: My First Page (1512),PAP-2022-Summer-L2-G2,Practice,10
Level Two - Lesson 6 Assignment: "My Style" First Page (1513),PAP-2022-Summer-L2-G2,Practice,10
Level Two - Lesson 7 Assignment: Formatting a Poem (1514),PAP-2022-Summer-L2-G2,Practice,10
Level Two - Lesson 8 Assignment: Boxes (1515),PAP-2022-Summer-L2-G2,Practice,10
Level Two - Lesson 7 Quiz: Formatting Text (1504),PAP-2022-Summer-L2-G2,Quiz,10
Level Two-Lesson 5 Quiz: Intro To HTML (1503),PAP-2022-Summer-L2-G2,Quiz,10
Level Two - Lesson 6 Quiz: Intro to CSS (1501),PAP-2022-Summer-L2-G2,Quiz,10
Level Two - Lesson 8 Quiz: The Box Model (1506),PAP-2022-Summer-L2-G2,Quiz,10
Level Two - Lesson 9 Quiz: Layout (1502),PAP-2022-Summer-L2-G2,Quiz,10
Level Two-Lesson 12: Final Exam (1505),PAP-2022-Summer-L2-G2,Exam,40
Level Two - Lesson 13 Assignment: Final Project (1619),PAP-2022-Summer-L2-G2,Practice,75
Level Three - Lesson 12: Quiz (1584),PAP-2022-Summer-L3-G2,Quiz,0
Level Three- Lesson 2 Assignment: Brainstorm (1593),PAP-2022-Summer-L3-G2,Practice,10
Level Three- Lesson 3 Assignment: Design Statement (1594),PAP-2022-Summer-L3-G2,Practice,10
Level Three- Lesson 4 Assignment: Website Analysis (1596),PAP-2022-Summer-L3-G2,Practice,10
Level Three- Lesson 6 Assignment: WIreframe/Prototype (1598),PAP-2022-Summer-L3-G2,Practice,20
Level Three- Lesson 7 Assignment: Project Plan (1599),PAP-2022-Summer-L3-G2,Practice,10
Level Three - Lesson 8: Quiz (1577),PAP-2022-Summer-L3-G2,Quiz,10
Level Three- Lesson 13 Assignment:  Presentation & Live Website (1590),PAP-2022-Summer-L3-G2,Practice,120
Group Project Description (1636),PAP-2022-Summer-L3-G2,Practice,120
Part 1: Make the phone version first (1616),PAP-2022-Summer-L4-G3,Practice,0
Part 2: Add the desktop menu (1617),PAP-2022-Summer-L4-G3,Practice,0
Level 4: Add flex content  (1618),PAP-2022-Summer-L4-G3,Practice,0
Guest List (1624),PAP-2022-Summer-L4-G3,Practice,0
Level Four- Lesson 1 Assignment:   (1536),PAP-2022-Summer-L4-G3,Practice,0
Level Four - Lesson 1: Quiz (1528),PAP-2022-Summer-L4-G3,Quiz,0
Level Four - Lesson 2: Quiz (1530),PAP-2022-Summer-L4-G3,Quiz,0
Level Four- Lesson 2 Assignment: Create an iframe (1544),PAP-2022-Summer-L4-G3,Practice,20
Level Four- Lesson 10 Assignment 1: Create a Counter  (1537),PAP-2022-Summer-L4-G3,Practice,20
Level Four- Lesson 12 Assignment:   (1540),PAP-2022-Summer-L4-G3,Practice,0
Level Four- Lesson 10 Assignment 2: Color Picker (1538),PAP-2022-Summer-L4-G3,Practice,20
Level Four- Lesson 10 Assignment 3: Generate Quotes (1539),PAP-2022-Summer-L4-G3,Practice,0
Assignment - Skills Self-Evaluation and Goal Setting (2365),PAP-2022-Fall-L1-G1,Practice,10
Assignment - Set up your email and accounts (2362),PAP-2022-Fall-L1-G1,Practice,10
Assignment - Digital Literacy Evaluation (2378),PAP-2022-Fall-L1-G1,Practice,5
L1-1: Assignment - Fill out the DSFA Student profile form (2434),PAP-2022-Fall-L1-G1,Practice,10
L1-2: Assignment - Core Principles (2379),PAP-2022-Fall-L1-G1,Practice,10
L1-3: Assignment - Moveable Objects (2380),PAP-2022-Fall-L1-G1,Practice,10
L1-4: Assignment - Game Design Statement (2381),PAP-2022-Fall-L1-G1,Practice,10
L1-5: Assignment - Catch Game (2382),PAP-2022-Fall-L1-G1,Practice,10
L1-6: Assignment - Jumping Game (2383),PAP-2022-Fall-L1-G1,Practice,10
L1-7: Assignment - Maze Game (2384),PAP-2022-Fall-L1-G1,Practice,10
L1-8: Assignment - Development Progress Check-in #1 (2385),PAP-2022-Fall-L1-G1,Practice,10
L1-9: Assignment - Development Progress Check-in #2 (2386),PAP-2022-Fall-L1-G1,Practice,10
L1-10: Assignment - User Research (2370),PAP-2022-Fall-L1-G1,Practice,10
L1-11: Assignment - Development Progress Check-in #3 (2371),PAP-2022-Fall-L1-G1,Practice,10
L1-11: Assignment - Submit Final Version of Game with Purpose (2372),PAP-2022-Fall-L1-G1,Practice,30
L1-12: Assignment - Final Presentation (2373),PAP-2022-Fall-L1-G1,Practice,20
L1-12: Assignment - Fill out the DSFA Student project form (2433),PAP-2022-Fall-L1-G1,Practice,10
Instructor Assignment - Narrative Evaluation (2369),PAP-2022-Fall-L1-G1,Practice,0
Assignment - End-of-course Tech Skills Self-evaluation (2364),PAP-2022-Fall-L1-G1,Practice,10
L1-1: Quiz (2359),PAP-2022-Fall-L1-G1,Quiz,5
L1-3: Quiz (2354),PAP-2022-Fall-L1-G1,Quiz,5
L1-5: Quiz (2356),PAP-2022-Fall-L1-G1,Quiz,5
L1-6: Quiz (2360),PAP-2022-Fall-L1-G1,Quiz,5
L1-7: Quiz (2357),PAP-2022-Fall-L1-G1,Quiz,5
L1-12: Final Exam (Game Dev Only) (2355),PAP-2022-Fall-L1-G1,Exam,15
Move spaceship (2388),PAP-2022-Fall-L1-G1,Practice,0
Make the laser fire (2387),PAP-2022-Fall-L1-G1,Practice,0
Create and move the asteroids (2367),PAP-2022-Fall-L1-G1,Practice,10
Level Two - Lesson 13 Assignment: Final Project (2432),PAP-2022-Fall-L2-G2,Practice,75
Assignment - Set up your email and accounts (2309),PAP-2022-Fall-L2-G2,Practice,10
Assignment - Tech Skills Self-evaluation (2312),PAP-2022-Fall-L2-G2,Practice,10
Assignment - Set up your email and accounts (2310),PAP-2022-Fall-L2-G2,Practice,10
Level Two - Lesson 1 Assignment: Value Propositions (2314),PAP-2022-Fall-L2-G2,Practice,10
Level Two - Lesson 2 Assignment: Value Propositions (2316),PAP-2022-Fall-L2-G2,Practice,10
Level Two - Lesson 3 Assignment: Terminus Quiz (2317),PAP-2022-Fall-L2-G2,Quiz,10
Level Two - Lesson 4 Assignment: Classwork Repository (2318),PAP-2022-Fall-L2-G2,Practice,10
Level Two - Lesson 5 Assignment: My First Page (2319),PAP-2022-Fall-L2-G2,Practice,10
Level Two - Lesson 6 Assignment: "My Style" First Page (2320),PAP-2022-Fall-L2-G2,Practice,10
Level Two - Lesson 7 Assignment: Formatting a Poem (2321),PAP-2022-Fall-L2-G2,Practice,10
Level Two - Lesson 8 Assignment: Boxes (2322),PAP-2022-Fall-L2-G2,Practice,10
Level Two - Lesson 7 Quiz: Formatting Text (2304),PAP-2022-Fall-L2-G2,Quiz,10
Level Two-Lesson 5 Quiz: Intro To HTML (2308),PAP-2022-Fall-L2-G2,Quiz,10
Level Two - Lesson 6 Quiz: Intro to CSS (2307),PAP-2022-Fall-L2-G2,Quiz,10
Level Two - Lesson 8 Quiz: The Box Model (2303),PAP-2022-Fall-L2-G2,Quiz,10
Level Two - Lesson 9 Quiz: Layout (2306),PAP-2022-Fall-L2-G2,Quiz,10
Level Two-Lesson 12: Final Exam (2305),PAP-2022-Fall-L2-G2,Exam,40
Level Two - Lesson 12: Cumulative Resource Response (2315),PAP-2022-Fall-L2-G2,Practice,0
UX Planning & Brainstorming (2435),PAP-2022-Fall-L4-G3,Practice,25
Project Research Phase (2436),PAP-2022-Fall-L4-G3,Practice,25
Level Four - Lesson 10 The DOM: Quiz (2399),PAP-2022-Fall-L4-G3,Quiz,10
Level Four - Lesson 9: Quiz (2405),PAP-2022-Fall-L4-G3,Quiz,25
Level Four- Lesson 9: Assignment 1: Array Iteration (2418),PAP-2022-Fall-L4-G3,Practice,20
Level Four Lesson 10: Assignment 1: Team Projects Design (2437),PAP-2022-Fall-L4-G3,Practice,25
Level Four Lesson 10 Assignment 2: the DOM (2476),PAP-2022-Fall-L4-G3,Practice,25
Level Four Lesson 11 Assignment 1: Conditional Statements (2477),PAP-2022-Fall-L4-G3,Practice,25
Level Four Lesson 11 Assignment 2: Team Repos & Git Branching (2479),PAP-2022-Fall-L4-G3,Practice,25
Level Four - Final Presenation Slide Deck (2480),PAP-2022-Fall-L4-G3,Practice,25
Level Four Final Project (2481),PAP-2022-Fall-L4-G3,Practice,25
Level Four Lesson 12 Assignment 1: Events Music Project (2482),PAP-2022-Fall-L4-G3,Practice,25
Assignment - Set up your email and accounts (2411),PAP-2022-Fall-L4-G3,Practice,10
Level Four  Quiz 1 (2394),PAP-2022-Fall-L4-G3,Quiz,20
Level Four - Lesson 2: Quiz (2410),PAP-2022-Fall-L4-G3,Quiz,0
Class Participation:  Stand-Up presentations (2426),PAP-2022-Fall-L4-G3,Practice,20
Level Four - Lesson 2: Quiz  (2402),PAP-2022-Fall-L4-G3,Quiz,20
Assignment - End-of-course Tech Skills Self-evaluation (2412),PAP-2022-Fall-L4-G3,Practice,10
Level Four- Objects lesson (2424),PAP-2022-Fall-L4-G3,Practice,0
Level Four- Lesson 8 Assignment:  Arrays Exercise (2417),PAP-2022-Fall-L4-G3,Practice,20
Level Four - Lesson 11 Quiz (2401),PAP-2022-Fall-L4-G3,Quiz,10
Level 4 Project Planning Phase (2416),PAP-2022-Fall-L4-G3,Practice,30
Assignment - Set up your email and accounts (2550),PAP-2023-Winter-L2-G1,Practice,10
Assignment - Tech Skills Self-evaluation (2556),PAP-2023-Winter-L2-G1,Practice,10
Level Two - Lesson 1 Assignment: Value Propositions (2558),PAP-2023-Winter-L2-G1,Practice,10
Level Two - Lesson 2 Assignment: Value Propositions (2562),PAP-2023-Winter-L2-G1,Practice,10
!!Level Two - Lesson 3 Assignment: Terminus Quiz (2553),PAP-2023-Winter-L2-G1,Quiz,10
Level Two - Lesson 4 Assignment: Classwork Repository (2563),PAP-2023-Winter-L2-G1,Practice,10
**Level Two - Lesson 5 Assignment: My First Page (2554),PAP-2023-Winter-L2-G1,Practice,10
Level Two-Lesson 5 Quiz: Intro To HTML (2544),PAP-2023-Winter-L2-G1,Quiz,10
Level Two - Lesson 6 Assignment: "My Style" First Page (2565),PAP-2023-Winter-L2-G1,Practice,10
Level Two - Lesson 6 Quiz: Intro to CSS (2545),PAP-2023-Winter-L2-G1,Quiz,10
Level Two - Lesson 7 Assignment: Formatting a Poem (2566),PAP-2023-Winter-L2-G1,Practice,10
Level Two - Lesson 7 Quiz: Formatting Text (2546),PAP-2023-Winter-L2-G1,Quiz,10
!!!Level Two - Lesson 8 Assignment: Boxes (2552),PAP-2023-Winter-L2-G1,Practice,10
Level Two - Lesson 8 Quiz: The Box Model (2547),PAP-2023-Winter-L2-G1,Quiz,10
Level Two - Lesson 9 Quiz: Layout (2548),PAP-2023-Winter-L2-G1,Quiz,10
Level Two - Lesson 12: Cumulative Resource Response (2559),PAP-2023-Winter-L2-G1,Practice,0
Level Two-Lesson 12: Final Exam (2549),PAP-2023-Winter-L2-G1,Exam,40
Level Two - Lesson 13 Assignment: Final Project (2560),PAP-2023-Winter-L2-G1,Practice,75
Assignment - End-of-course Tech Skills Self-evaluation (2555),PAP-2023-Winter-L2-G1,Practice,10
Assignment - Set up your email and accounts (2551),PAP-2023-Winter-L2-G1,Practice,10
Level Three - Lesson 8 Assignment: Github Portfolio Site (2573),PAP-2023-Winter-L3-G2,Practice,10
Level Three - DSFA Profile Submission (2585),PAP-2023-Winter-L3-G2,Practice,0
Level Three - Final Project (2586),PAP-2023-Winter-L3-G2,Practice,20
Assignment - Tech Skills Self-evaluation (2529),PAP-2023-Winter-L3-G2,Practice,10
Assignment - Set up your email and accounts (2527),PAP-2023-Winter-L3-G2,Practice,10
Level Three- Lesson 2 Assignment: Brainstorm (2535),PAP-2023-Winter-L3-G2,Practice,10
Level Three- Lesson 3 Assignment: Design Statement (2536),PAP-2023-Winter-L3-G2,Practice,0
Level Three- Lesson 4 Assignment: Website Analysis (2538),PAP-2023-Winter-L3-G2,Practice,10
Level Three- Lesson 5 Assignment: User Journey (2539),PAP-2023-Winter-L3-G2,Practice,10
Level Three - Lesson 10: Quiz Course Recap Git-Brainstorm-UX-PM (2520),PAP-2023-Winter-L3-G2,Quiz,10
Level Three- Lesson 6 Assignment: Prototype (2540),PAP-2023-Winter-L3-G2,Practice,10
Level Three- Lesson 7 Assignment: Project Plan (2541),PAP-2023-Winter-L3-G2,Practice,20
Level Three- Lesson 9 Assignment: Make a Survey (2542),PAP-2023-Winter-L3-G2,Practice,10
Level Three- Lesson 13 Assignment:  Presentation Lab Time (2532),PAP-2023-Winter-L3-G2,Practice,20
Assignment - End-of-course Tech Skills Self-evaluation (2528),PAP-2023-Winter-L3-G2,Practice,10
Level Three- Lesson 3 Assignment: Value Proposition (2537),PAP-2023-Winter-L3-G2,Practice,10
L1 Python Lesson 01: In-class Assignment (2717),PAP-2023-Spring-L1-G1,Practice,40
L1 Python Lesson 01: Practice Session (2718),PAP-2023-Spring-L1-G1,Practice,40
L1 Python Lesson 01: Quiz (2719),PAP-2023-Spring-L1-G1,Quiz,20
L1 Python Lesson 02: In-class Assignment (2723),PAP-2023-Spring-L1-G1,Practice,40
L1 Python Lesson 02: Practice Session (2724),PAP-2023-Spring-L1-G1,Practice,40
L1 Python Lesson 02: Quiz (2725),PAP-2023-Spring-L1-G1,Quiz,20
L1 Python Lesson 03: In-class Assignment (2727),PAP-2023-Spring-L1-G1,Practice,40
L1 Python Lesson 03: Practice Session (2728),PAP-2023-Spring-L1-G1,Practice,40
L1 Python Lesson 03: Quiz (2729),PAP-2023-Spring-L1-G1,Quiz,20
L1 Python Lesson 04: In-class Assignment (2731),PAP-2023-Spring-L1-G1,Practice,40
L1 Python Lesson 04: Practice Session (2732),PAP-2023-Spring-L1-G1,Practice,40
L1 Python Lesson 04: Quiz (2733),PAP-2023-Spring-L1-G1,Quiz,22
L1 Python Lesson 05: In-class Assignment (2737),PAP-2023-Spring-L1-G1,Practice,40
L1 Python Lesson 05: Practice Session (2738),PAP-2023-Spring-L1-G1,Practice,40
L1 Python Lesson 05: Quiz (2739),PAP-2023-Spring-L1-G1,Quiz,20
L1 Python Lesson 06: In-class Assignment (2758),PAP-2023-Spring-L1-G1,Practice,50
L1 Python Lesson 06: Practice Session (2759),PAP-2023-Spring-L1-G1,Practice,50
L1 Python Lesson 07: In-class Assignment (2763),PAP-2023-Spring-L1-G1,Practice,40
L1 Python Lesson 07: Practice Session (2764),PAP-2023-Spring-L1-G1,Practice,40
L1 Python Lesson 07: Quiz (2765),PAP-2023-Spring-L1-G1,Quiz,20
L1 Python Lesson 08: In-class Assignment (2766),PAP-2023-Spring-L1-G1,Practice,40
L1 Python Lesson 08: Practice Session (2767),PAP-2023-Spring-L1-G1,Practice,40
L1 Python Lesson 08: Quiz (2768),PAP-2023-Spring-L1-G1,Quiz,20
L1 Python Lesson 09: In-class Assignment (2771),PAP-2023-Spring-L1-G1,Practice,40
L1 Python Lesson 09: Practice Session (2772),PAP-2023-Spring-L1-G1,Practice,40
L1 Python Lesson 09: Quiz (2773),PAP-2023-Spring-L1-G1,Quiz,20
L1 Python Lesson 10: In-class Assignment (2774),PAP-2023-Spring-L1-G1,Practice,40
L1 Python Lesson 10: Practice Session (2775),PAP-2023-Spring-L1-G1,Practice,40
L1 Python Lesson 10: Quiz (2780),PAP-2023-Spring-L1-G1,Quiz,20
L1 Python Lesson 11: In-class Assignment (2778),PAP-2023-Spring-L1-G1,Practice,60
L1 Python Lesson 11: Practice Session (2779),PAP-2023-Spring-L1-G1,Practice,40
L1 Python Lesson 12: In-class Assignment (2782),PAP-2023-Spring-L1-G1,Practice,80
L1 Python Lesson 12: Practice Session (2783),PAP-2023-Spring-L1-G1,Practice,20
L1 Python Lesson 13: In-class Assignment (2804),PAP-2023-Spring-L1-G1,Practice,100
L1 Python Final Project: Getting Started & Game Design (2805),PAP-2023-Spring-L1-G1,Practice,100
Student Profile content for CFA website (2806),PAP-2023-Spring-L1-G1,Practice,0
L1 Python Final Project: Team Presentation (2807),PAP-2023-Spring-L1-G1,Practice,50
L1 Python Final Project: Final Team Game Project (2809),PAP-2023-Spring-L1-G1,Practice,50
L1 Python: Self Tech Eval & Survey (2810),PAP-2023-Spring-L1-G1,Practice,0
UX Planning & Brainstorming (2628),PAP-2023-Spring-L4-G2,Practice,25
Project Research Phase (2605),PAP-2023-Spring-L4-G2,Practice,25
Level Four - Lesson 8: Quiz Arrays (2587),PAP-2023-Spring-L4-G2,Quiz,25
Level Four - Lesson 11 The DOM: Quiz (2604),PAP-2023-Spring-L4-G2,Quiz,10
Level Four- Lesson 9: Assignment 1: Loops (2626),PAP-2023-Spring-L4-G2,Practice,20
Level Four Lesson 11: Assignment 1: Team Projects Design (2616),PAP-2023-Spring-L4-G2,Practice,25
Level Four Lesson 11 Assignment 2: the DOM (2615),PAP-2023-Spring-L4-G2,Practice,25
Level Four Lesson 10 Assignment: Conditional Statements (2617),PAP-2023-Spring-L4-G2,Practice,25
Level Four Lesson 10 Assignment 2: Team Repos & Git Branching (2618),PAP-2023-Spring-L4-G2,Practice,25
Level Four - Final Presenation Slide Deck (2613),PAP-2023-Spring-L4-G2,Practice,25
Level Four - Lesson 6 Assignment: Numbers (2735),PAP-2023-Spring-L4-G2,Practice,15
Level Four - Lesson 7 Assignment: Strings (2736),PAP-2023-Spring-L4-G2,Practice,15
Level Four Lesson 11: Assignment 1: Team Projects Design (2781),PAP-2023-Spring-L4-G2,Practice,25
Level Four - Lesson 12: Master Sheet Final Project (2784),PAP-2023-Spring-L4-G2,Practice,50
Level Four - Lesson Review Part 2 Assignment (2633),PAP-2023-Spring-L4-G2,Practice,40
Level Four - Lesson Review: Quiz (2632),PAP-2023-Spring-L4-G2,Quiz,25
Level Four - Lesson Review Part 1 Assignment  (2634),PAP-2023-Spring-L4-G2,Practice,35
Level Three - Lesson 7 Quiz: String (2589),PAP-2023-Spring-L4-G2,Quiz,10
Week 1 Class Participation: Team contract (2629),PAP-2023-Spring-L4-G2,Practice,10
Level Four - Lesson 6 Quiz: Numbers (2592),PAP-2023-Spring-L4-G2,Quiz,10
Level Four - Lesson 2: Quiz (2595),PAP-2023-Spring-L4-G2,Quiz,0
Level Four  Quiz 1 (2598),PAP-2023-Spring-L4-G2,Quiz,20
Class Participation:  Stand-Up presentations (2609),PAP-2023-Spring-L4-G2,Practice,10
Level Four - Lesson 4: Quiz (2588),PAP-2023-Spring-L4-G2,Quiz,10
Level Four - Lesson 2: Quiz  (2596),PAP-2023-Spring-L4-G2,Quiz,20
Assignment - End-of-course Tech Skills Self-evaluation (2607),PAP-2023-Spring-L4-G2,Practice,10
Level Four- Lesson 5 Assignment:  (2620),PAP-2023-Spring-L4-G2,Practice,15
Level Four- Objects lesson (2627),PAP-2023-Spring-L4-G2,Practice,0
Level Four- Lesson 8 Assignment:  Arrays Exercise (2625),PAP-2023-Spring-L4-G2,Practice,20
Level Four - Lesson 10 Quiz: Conditionals (2597),PAP-2023-Spring-L4-G2,Quiz,10
Level 4 Project Planning Phase (2612),PAP-2023-Spring-L4-G2,Practice,30
Using Properties with your React Project (2776),PAP-2023-Spring-L6-G3,Practice,0
Adding a Second Page to your React Project (2777),PAP-2023-Spring-L6-G3,Practice,0
Creating Pagination of Inventory Browsing with React States and Events (2803),PAP-2023-Spring-L6-G3,Practice,0
Node JS vs Browser JS Discussion (2813),PAP-2023-Spring-L6-G3,Practice,10
Install and Use Node.js Modules (2721),PAP-2023-Spring-L6-G3,Practice,10
Install and Use Express (2722),PAP-2023-Spring-L6-G3,Practice,10
Debugging a Warehouse Inventory API (2726),PAP-2023-Spring-L6-G3,Practice,10
Debugging a Warehouse Inventory UI (2730),PAP-2023-Spring-L6-G3,Practice,10
Setting Up the MongoDB Atlas Database (2734),PAP-2023-Spring-L6-G3,Practice,10
Using MongoDB to Support our Warehouse Inventory API (2760),PAP-2023-Spring-L6-G3,Practice,10
Creating Your First React Project on GitHub Pages (2762),PAP-2023-Spring-L6-G3,Practice,10
Creating Your First React Component (2769),PAP-2023-Spring-L6-G3,Practice,10
Adding CSS to your React Project (2770),PAP-2023-Spring-L6-G3,Practice,10
Node & HTTP (2630),PAP-2023-Spring-L6-G3,Practice,10
Databases Quiz (2761),PAP-2023-Spring-L6-G3,Quiz,10
Cumulative Quiz (2812),PAP-2023-Spring-L6-G3,Quiz,25
L1 Python Lesson 01: In-class Assignment (3031),PAP-2023-Summer-L1-2-G1,Practice,40
L1 Python Lesson 01: Practice Session (3032),PAP-2023-Summer-L1-2-G1,Practice,40
L1 Python Lesson 01: Quiz (3026),PAP-2023-Summer-L1-2-G1,Quiz,20
L1 Python Lesson 02: In-class Assignment (3033),PAP-2023-Summer-L1-2-G1,Practice,40
L1 Python Lesson 02: Practice Session (3034),PAP-2023-Summer-L1-2-G1,Practice,40
L1 Python Lesson 02: Quiz (3023),PAP-2023-Summer-L1-2-G1,Quiz,20
L1 Python Lesson 03: In-class Assignment (3035),PAP-2023-Summer-L1-2-G1,Practice,40
L1 Python Lesson 03: Practice Session (3036),PAP-2023-Summer-L1-2-G1,Practice,40
L1 Python Lesson 03: Quiz (3021),PAP-2023-Summer-L1-2-G1,Quiz,20
L1 Python Lesson 04: In-class Assignment (3037),PAP-2023-Summer-L1-2-G1,Practice,40
L1 Python Lesson 04: Practice Session (3038),PAP-2023-Summer-L1-2-G1,Practice,40
L1 Python Lesson 04: Quiz (3027),PAP-2023-Summer-L1-2-G1,Quiz,22
L1 Python Lesson 05: In-class Assignment (3039),PAP-2023-Summer-L1-2-G1,Practice,40
L1 Python Lesson 05: Practice Session (3040),PAP-2023-Summer-L1-2-G1,Practice,40
L1 Python Lesson 05: Quiz (3024),PAP-2023-Summer-L1-2-G1,Quiz,20
L1 Python Lesson 06: In-class Assignment (3041),PAP-2023-Summer-L1-2-G1,Practice,50
L1 Python Lesson 06: Practice Session (3042),PAP-2023-Summer-L1-2-G1,Practice,50
L1 Python Lesson 07: In-class Assignment (3043),PAP-2023-Summer-L1-2-G1,Practice,40
L1 Python Lesson 07: Practice Session (3044),PAP-2023-Summer-L1-2-G1,Practice,40
L1 Python Lesson 07: Quiz (3022),PAP-2023-Summer-L1-2-G1,Quiz,20
L1 Python Lesson 08: In-class Assignment (3045),PAP-2023-Summer-L1-2-G1,Practice,40
L1 Python Lesson 08: Practice Session (3046),PAP-2023-Summer-L1-2-G1,Practice,40
L1 Python Lesson 08: Quiz (3019),PAP-2023-Summer-L1-2-G1,Quiz,20
L1 Python Lesson 09: In-class Assignment (3047),PAP-2023-Summer-L1-2-G1,Practice,40
L1 Python Lesson 09: Practice Session (3048),PAP-2023-Summer-L1-2-G1,Practice,40
L1 Python Lesson 09: Quiz (3020),PAP-2023-Summer-L1-2-G1,Quiz,20
L1 Python Lesson 10: In-class Assignment (3049),PAP-2023-Summer-L1-2-G1,Practice,40
L1 Python Lesson 10: Practice Session (3050),PAP-2023-Summer-L1-2-G1,Practice,40
L1 Python Lesson 10: Quiz (3025),PAP-2023-Summer-L1-2-G1,Quiz,20
L1 Python Lesson 11: In-class Assignment (3051),PAP-2023-Summer-L1-2-G1,Practice,60
L1 Python Lesson 11: Practice Session (3052),PAP-2023-Summer-L1-2-G1,Practice,40
L1 Python Lesson 12: In-class Assignment (3053),PAP-2023-Summer-L1-2-G1,Practice,80
L1 Python Lesson 12: Practice Session (3054),PAP-2023-Summer-L1-2-G1,Practice,20
L1 Python Lesson 13: In-class Assignment (3055),PAP-2023-Summer-L1-2-G1,Practice,100
L1 Python Final Project: Getting Started & Game Design (3029),PAP-2023-Summer-L1-2-G1,Practice,100
Student Profile content for CFA website (3057),PAP-2023-Summer-L1-2-G1,Practice,0
L1 Python Final Project: Team Presentation (3030),PAP-2023-Summer-L1-2-G1,Practice,50
L1 Python Final Project: Final Team Game Project (3028),PAP-2023-Summer-L1-2-G1,Practice,50
Bonus lesson: modularizing tasks as functions (3067),PAP-2023-Summer-L1-2-G1,Practice,0
L2 HTML CSS Lesson 01: In-class Assignment (3185),PAP-2023-Summer-L2-G2,Practice,40
L2 HTML CSS Lesson 01: Practice Session (3186),PAP-2023-Summer-L2-G2,Practice,40
L2 HTML CSS Lesson 01: Quiz (3176),PAP-2023-Summer-L2-G2,Quiz,20
L2 HTML CSS Lesson 02: In-class Assignment (3187),PAP-2023-Summer-L2-G2,Practice,40
L2 HTML CSS Lesson 02: Practice Session (3188),PAP-2023-Summer-L2-G2,Practice,40
L2 HTML CSS Lesson 02: Quiz (3179),PAP-2023-Summer-L2-G2,Quiz,20
L2 HTML CSS Lesson 03: In-class Assignment (3189),PAP-2023-Summer-L2-G2,Practice,40
L2 HTML CSS Lesson 03: Practice Session (3190),PAP-2023-Summer-L2-G2,Practice,40
L2 HTML CSS Lesson 03: Quiz (3182),PAP-2023-Summer-L2-G2,Quiz,20
L2 HTML CSS Lesson 04: In-class Assignment (3191),PAP-2023-Summer-L2-G2,Practice,40
L2 HTML CSS Lesson 04: Practice Session (3192),PAP-2023-Summer-L2-G2,Practice,40
L2 HTML CSS Lesson 04: Quiz (3178),PAP-2023-Summer-L2-G2,Quiz,20
L2 HTML CSS Lesson 05: In-class Assignment (3193),PAP-2023-Summer-L2-G2,Practice,40
L2 HTML CSS Lesson 05: Practice Session (3194),PAP-2023-Summer-L2-G2,Practice,40
L2 HTML CSS Lesson 06: In-class Assignment (3195),PAP-2023-Summer-L2-G2,Practice,40
L2 HTML CSS Lesson 06: Practice Session (3196),PAP-2023-Summer-L2-G2,Practice,40
L2 HTML CSS Lesson 07: In-class Assignment (3197),PAP-2023-Summer-L2-G2,Practice,40
L2 HTML CSS Lesson 07: Practice Session (3198),PAP-2023-Summer-L2-G2,Practice,40
L2 HTML CSS Lesson 08: In-class Assignment (3199),PAP-2023-Summer-L2-G2,Practice,40
L2 HTML CSS Lesson 08: Practice Session (3200),PAP-2023-Summer-L2-G2,Practice,40
L2 HTML CSS Lesson 05: Quiz (3184),PAP-2023-Summer-L2-G2,Quiz,20
L2 HTML CSS Lesson 06: Quiz (3183),PAP-2023-Summer-L2-G2,Quiz,20
L2 HTML CSS Lesson 10: In-class Assignment (3203),PAP-2023-Summer-L2-G2,Practice,50
L2 HTML CSS Lesson 10: Practice Session (3204),PAP-2023-Summer-L2-G2,Practice,50
L2 HTML CSS Lesson 07: Quiz (3181),PAP-2023-Summer-L2-G2,Quiz,20
L2 HTML CSS Lesson 08: Quiz (3180),PAP-2023-Summer-L2-G2,Quiz,20
L2 HTML CSS Lesson 11: In-class Assignment (3205),PAP-2023-Summer-L2-G2,Practice,50
L2 HTML CSS Lesson 12: In-class Assignment (3207),PAP-2023-Summer-L2-G2,Practice,50
L2 HTML CSS Lesson 11: Practice Session (3206),PAP-2023-Summer-L2-G2,Practice,50
L2 HTML CSS Lesson 12: Practice Session (3208),PAP-2023-Summer-L2-G2,Practice,50
L2 HTML CSS Lesson 13: In-class Assignment 2 (3210),PAP-2023-Summer-L2-G2,Practice,50
L2 HTML CSS Lesson 13: In-class Assignment 1 (3209),PAP-2023-Summer-L2-G2,Practice,50
Tech Self Evaluation Survey (3213),PAP-2023-Summer-L2-G2,Practice,100
Student Project Presentation Slide Deck (3212),PAP-2023-Summer-L2-G2,Practice,25
L2 HTML CSS Lesson 14: Student Projects (3211),PAP-2023-Summer-L2-G2,Practice,75
Level Five -  Lesson 1 Part 2 Assignment (2843),PAP-2023-Summer-L5-6-G3,Practice,40
Level 5 - Lesson 2: Assignment 1 Style Property (2834),PAP-2023-Summer-L5-6-G3,Practice,50
Level 5 - Lesson 2: Assignment 2 DOM & Style - Firefly (2835),PAP-2023-Summer-L5-6-G3,Practice,50
Level 5 - Lesson 3: Assignment JS Objects - Dinosaurs (2836),PAP-2023-Summer-L5-6-G3,Practice,80
Level 5 - Lesson 4: Assignment Loop School (2837),PAP-2023-Summer-L5-6-G3,Practice,80
Your Profile for the DSFA website (2857),PAP-2023-Summer-L5-6-G3,Practice,100
Level 5 - Lesson 6: Assignment Form Validation (2838),PAP-2023-Summer-L5-6-G3,Practice,80
Level5 -Lesson 8 Assignment: Local Storage + Date & Time (2855),PAP-2023-Summer-L5-6-G3,Practice,80
Level5 -Lesson 9 Assignment: Browser APIs + Error Handling (2856),PAP-2023-Summer-L5-6-G3,Practice,80
Level Five - Lesson 6 Quiz (2823),PAP-2023-Summer-L5-6-G3,Quiz,20
Level Five - Lesson 8 Quiz (2824),PAP-2023-Summer-L5-6-G3,Quiz,20
Level 5 - Lesson 10: Assignment Fetch a Dog (2833),PAP-2023-Summer-L5-6-G3,Practice,80
Level Five - Lesson 10 Quiz (2815),PAP-2023-Summer-L5-6-G3,Quiz,20
Creating a Basic API (3214),PAP-2023-Summer-L5-6-G3,Practice,10
Iterating on the Basic API with MongoDB (3220),PAP-2023-Summer-L5-6-G3,Practice,10
Attaching Event Listeners in React (3249),PAP-2023-Summer-L5-6-G3,Practice,10
Using React States: Detectable Data Changes (3250),PAP-2023-Summer-L5-6-G3,Practice,10
Exit Tech Skills Self Evaluation (3273),PAP-2023-Summer-L5-6-G3,Practice,0
Node JS vs Browser JS Discussion (3167),PAP-2023-Summer-L5-6-G3,Practice,10
Level Five - Lesson 3: Quiz (2820),PAP-2023-Summer-L5-6-G3,Quiz,20
Install and Use Node.js Modules (3168),PAP-2023-Summer-L5-6-G3,Practice,10
Level Five - Lesson 1: Quiz (2814),PAP-2023-Summer-L5-6-G3,Quiz,25
Install and Use Express (3171),PAP-2023-Summer-L5-6-G3,Practice,10
Level Five - Lesson 1 Part 1 Assignment  (2844),PAP-2023-Summer-L5-6-G3,Practice,35
Debugging a Warehouse Inventory API (3172),PAP-2023-Summer-L5-6-G3,Practice,10
Debugging a Warehouse Inventory UI (3173),PAP-2023-Summer-L5-6-G3,Practice,10
Setting Up the MongoDB Atlas Database (3217),PAP-2023-Summer-L5-6-G3,Practice,10
Level Five - Lesson 4: Quiz (2827),PAP-2023-Summer-L5-6-G3,Quiz,20
Creating Your First React Project on GitHub Pages (3241),PAP-2023-Summer-L5-6-G3,Practice,10
Level Five - Lesson 5 Assignment: Functions Revisisted (2852),PAP-2023-Summer-L5-6-G3,Practice,80
Creating Your First React Component (3235),PAP-2023-Summer-L5-6-G3,Practice,10
Cumulative Quiz (3271),PAP-2023-Summer-L5-6-G3,Quiz,20
Level Five - Lesson 9: Quiz (2825),PAP-2023-Summer-L5-6-G3,Quiz,20
Level Five - Lesson 5: Quiz (2817),PAP-2023-Summer-L5-6-G3,Quiz,20
Assignment - End-of-course Tech Skills Self-evaluation (2829),PAP-2023-Summer-L5-6-G3,Practice,10
L1 Python Lesson 01: In-class Assignment (3367),PAP-2023-Fall-L1-G1,Practice,40
L1 Python Lesson 01: Practice Session (3368),PAP-2023-Fall-L1-G1,Practice,40
L1 Python Lesson 01: Quiz (3360),PAP-2023-Fall-L1-G1,Quiz,20
L1 Python Lesson 02: In-class Assignment (3369),PAP-2023-Fall-L1-G1,Practice,40
L1 Python Lesson 02: Practice Session (3370),PAP-2023-Fall-L1-G1,Practice,40
L1 Python Lesson 02: Quiz (3355),PAP-2023-Fall-L1-G1,Quiz,20
L1 Python Lesson 03: In-class Assignment (3371),PAP-2023-Fall-L1-G1,Practice,40
L1 Python Lesson 03: Practice Session (3372),PAP-2023-Fall-L1-G1,Practice,40
L1 Python Lesson 03: Quiz (3363),PAP-2023-Fall-L1-G1,Quiz,20
L1 Python Lesson 04: In-class Assignment (3373),PAP-2023-Fall-L1-G1,Practice,40
L1 Python Lesson 04: Practice Session (3374),PAP-2023-Fall-L1-G1,Practice,40
L1 Python Lesson 04: Quiz (3359),PAP-2023-Fall-L1-G1,Quiz,20
L1 Python Lesson 05: In-class Assignment (3375),PAP-2023-Fall-L1-G1,Practice,40
L1 Python Lesson 05: Practice Session (3376),PAP-2023-Fall-L1-G1,Practice,40
L1 Python Lesson 05: Quiz (3361),PAP-2023-Fall-L1-G1,Quiz,20
L1 Python Lesson 06: In-class Assignment (3377),PAP-2023-Fall-L1-G1,Practice,50
L1 Python Lesson 06: Practice Session (3378),PAP-2023-Fall-L1-G1,Practice,50
L1 Python Lesson 07: In-class Assignment (3379),PAP-2023-Fall-L1-G1,Practice,40
L1 Python Lesson 07: Practice Session (3380),PAP-2023-Fall-L1-G1,Practice,40
L1 Python Lesson 07: Quiz (3357),PAP-2023-Fall-L1-G1,Quiz,20
L1 Python Lesson 08: In-class Assignment (3381),PAP-2023-Fall-L1-G1,Practice,40
L1 Python Lesson 08: Practice Session (3382),PAP-2023-Fall-L1-G1,Practice,40
L1 Python Lesson 08: Quiz (3358),PAP-2023-Fall-L1-G1,Quiz,20
L1 Python Lesson 09: In-class Assignment (3383),PAP-2023-Fall-L1-G1,Practice,40
L1 Python Lesson 09: Practice Session (3384),PAP-2023-Fall-L1-G1,Practice,40
L1 Python Lesson 09: Quiz (3356),PAP-2023-Fall-L1-G1,Quiz,20
L1 Python Lesson 10: In-class Assignment (3385),PAP-2023-Fall-L1-G1,Practice,40
L1 Python Lesson 10: Practice Session (3386),PAP-2023-Fall-L1-G1,Practice,40
L1 Python Lesson 10: Quiz (3362),PAP-2023-Fall-L1-G1,Quiz,20
L1 Python Lesson 11: In-class Assignment (3387),PAP-2023-Fall-L1-G1,Practice,0
L1 Python Lesson 11: Practice Session (3388),PAP-2023-Fall-L1-G1,Practice,0
L1 Python Lesson 12: In-class Assignment (3389),PAP-2023-Fall-L1-G1,Practice,0
L1 Python Lesson 12: Practice Session (3390),PAP-2023-Fall-L1-G1,Practice,0
L1 Python Lesson 13: In-class Assignment (3391),PAP-2023-Fall-L1-G1,Practice,100
Student Profile content for CFA website (3393),PAP-2023-Fall-L1-G1,Practice,0
L1 Python Final Project: Team Presentation (3366),PAP-2023-Fall-L1-G1,Practice,50
L1 Python Final Project: Final Team Game Project (3364),PAP-2023-Fall-L1-G1,Practice,50
Exit Tech Self Evaluation (3392),PAP-2023-Fall-L1-G1,Practice,0
Intake Tech Self Evaluation (3436),PAP-2023-Fall-L1-G1,Practice,0
L1 Python Lesson 06: Quiz (3448),PAP-2023-Fall-L1-G1,Quiz,24
L1 Python Final Project: In-class Assignment (3484),PAP-2023-Fall-L1-G1,Practice,40
L1 Python Final Project: Designing Your Game (3485),PAP-2023-Fall-L1-G1,Practice,100
L1 Python Final Quiz (3486),PAP-2023-Fall-L1-G1,Quiz,30
L3 JS Lesson 01: In-class Assignment (3412),PAP-2023-Fall-L3-G2,Practice,40
L3 JS Lesson 01: Practice Session (3413),PAP-2023-Fall-L3-G2,Practice,40
L3 JS Lesson 01: Quiz (3409),PAP-2023-Fall-L3-G2,Quiz,20
L3 JS Lesson 02: In-class Assignment (3414),PAP-2023-Fall-L3-G2,Practice,40
L3 JS Lesson 02: Practice Session (3415),PAP-2023-Fall-L3-G2,Practice,40
L3 JS Lesson 03: In-class Assignment (3416),PAP-2023-Fall-L3-G2,Practice,40
L3 JS Lesson 03: Practice Session (3417),PAP-2023-Fall-L3-G2,Practice,40
L3 JS Lesson 04: In-class Assignment (3473),PAP-2023-Fall-L3-G2,Practice,40
L3 JS Lesson 04: Practice Session (3474),PAP-2023-Fall-L3-G2,Practice,40
L3 JS Lesson 05: In-class Assignment (3482),PAP-2023-Fall-L3-G2,Practice,40
L3 JS Lesson 09: In-class Assignment (3491),PAP-2023-Fall-L3-G2,Practice,40
L3 JS Lesson 09: Practice Session (3492),PAP-2023-Fall-L3-G2,Practice,40
L3 JS Lesson 02: Quiz (3411),PAP-2023-Fall-L3-G2,Quiz,20
L3 JS Lesson 03: Quiz (3410),PAP-2023-Fall-L3-G2,Quiz,20
L3 JS Lesson 04: Quiz (3477),PAP-2023-Fall-L3-G2,Quiz,20
L3 JS Lesson 05: Quiz (3478),PAP-2023-Fall-L3-G2,Quiz,20
L3 JavaScript Lesson 08: In-class Assignment (3423),PAP-2023-Fall-L3-G2,Practice,80
L3 JS Lesson 08: Quiz (3418),PAP-2023-Fall-L3-G2,Quiz,20
L3 JavaScript Lesson 06: In-class Assignment (3425),PAP-2023-Fall-L3-G2,Practice,80
L3 JS Lesson 06: Quiz (3422),PAP-2023-Fall-L3-G2,Quiz,20
L3 JavaScript Lesson 07: In-class Assignment (3426),PAP-2023-Fall-L3-G2,Practice,80
L3 JS Lesson 07: Quiz (3419),PAP-2023-Fall-L3-G2,Quiz,20
L3 JavaScript Lesson 10: In-class Assignment (3427),PAP-2023-Fall-L3-G2,Practice,80
L3 JS Lesson 10: Quiz (3420),PAP-2023-Fall-L3-G2,Quiz,20
L3 JavaScript: Final Team Project (3431),PAP-2023-Fall-L3-G2,Practice,150
L3 JavaScript: Final Project Presentation (3430),PAP-2023-Fall-L3-G2,Practice,50
L2 HTML CSS Lesson 11: In-class Assignment (3432),PAP-2023-Fall-L3-G2,Practice,50
L2 HTML CSS Lesson 12: In-class Assignment (3434),PAP-2023-Fall-L3-G2,Practice,50
L2 HTML CSS Lesson 12: Practice Session (3435),PAP-2023-Fall-L3-G2,Practice,50
L4 FE Lesson 01: In-class Assignment (3437),PAP-2023-Fall-L4-G3,Practice,40
L4 FE Lesson 01: Practice Session (3438),PAP-2023-Fall-L4-G3,Practice,40
L4 Front End Lesson 01: Quiz (3440),PAP-2023-Fall-L4-G3,Quiz,20
L4 FE Lesson 02: In-class Assignment (3441),PAP-2023-Fall-L4-G3,Practice,80
L4 Front End Lesson 02: Quiz  (3442),PAP-2023-Fall-L4-G3,Quiz,20
L4 FE Lesson 03: In-class Assignment (3444),PAP-2023-Fall-L4-G3,Practice,80
L4 Front End Lesson 03: Quiz  (3445),PAP-2023-Fall-L4-G3,Quiz,20
L4 FE Lesson 04: In-class Assignment (3446),PAP-2023-Fall-L4-G3,Practice,80
L4 Front End Lesson 04: Quiz  (3447),PAP-2023-Fall-L4-G3,Quiz,20
L4 FE Lesson 05: In-class Assignment (3469),PAP-2023-Fall-L4-G3,Practice,80
L4 Front End Lesson 05: Quiz (3470),PAP-2023-Fall-L4-G3,Quiz,20
L4 FE Lesson 06: In-class Assignment (3475),PAP-2023-Fall-L4-G3,Practice,40
L3 JS Lesson 06: Practice Session (3476),PAP-2023-Fall-L4-G3,Practice,40
L4 FE Lesson 07: In-class Assignment (3479),PAP-2023-Fall-L4-G3,Practice,40
L4 FE Loesson 07: Practice Session (3480),PAP-2023-Fall-L4-G3,Practice,40
L4 Front End Lesson 07: Quiz  (3481),PAP-2023-Fall-L4-G3,Quiz,20
L4 FE Lesson 08: In-class Assignment (3487),PAP-2023-Fall-L4-G3,Practice,40
L4 FE Lesson 08: Practice Session (3488),PAP-2023-Fall-L4-G3,Practice,40
 L4 Front End Lesson 08: Quiz (3489),PAP-2023-Fall-L4-G3,Quiz,20
L4 FE Final Project: Requirements & Timeline (3490),PAP-2023-Fall-L4-G3,Practice,100
L4 FE Final Project: Presentation (3493),PAP-2023-Fall-L4-G3,Practice,100